architecture,key,split,n_seeds,macro_f1,macro_f1_std
EfficientNet,phase1,validation,4,0.5371179500666843,0.03486276698533117
EfficientNet,phase1,test,4,0.4911083228864006,0.005649703693546862
EfficientNet,train,validation,4,0.5296698192416596,0.015599917191340552
EfficientNet,train,test,4,0.4798421142762431,0.02224665878432623
EfficientNet,conf060,validation,4,0.5863638342982623,0.010020807297937855
EfficientNet,conf060,test,4,0.48950396025413656,0.005468683194227717
EfficientNet,train_conf040,validation,4,0.5673951003493238,0.005922958200196978
EfficientNet,train_conf040,test,4,0.5003161839339129,0.008205366575190462
EfficientNet,train_conf040_dedup_p75_25,validation,4,0.5713023266186504,0.010531247418775385
EfficientNet,train_conf040_dedup_p75_25,test,4,0.5003286652399375,0.014215083212960954
EfficientNet,conf060_dedup_p75_25,validation,4,0.58301603726345,0.004784942380629506
EfficientNet,conf060_dedup_p75_25,test,4,0.4917180936176202,0.009750120471693094
ViT-Small,phase1,validation,4,0.5949271302079071,0.010416439917608114
ViT-Small,phase1,test,4,0.4816425516593728,0.012337050498412586
ViT-Small,train,validation,4,0.6298255090023427,0.01217514742202542
ViT-Small,train,test,4,0.4238356758128693,0.02161470707458946
ViT-Small,conf060,validation,4,0.6179020596891139,0.00315167874375253
ViT-Small,conf060,test,4,0.4475705631475359,0.015377697766590334
ViT-Small,train_conf040,validation,4,0.6195991881732693,0.008652299028005676
ViT-Small,train_conf040,test,4,0.4636555125771441,0.017959131298103278
ViT-Small,train_conf040_dedup_p75_25,validation,4,0.616010384615171,0.010279111248371197
ViT-Small,train_conf040_dedup_p75_25,test,4,0.4909400039709604,0.00650847108496525
ViT-Small,conf060_dedup_p75_25,validation,4,0.6232856280373255,0.018612043841754203
ViT-Small,conf060_dedup_p75_25,test,4,0.4652916492145992,0.018350248812993804
